METRÔ DE SÃO PAULO;;;;;;;;;;;;;;;;;;;;;;; 
INFORMAÇÕES SOBRE A DEMANDA - 2024;;;;;;;;;;;;;;;;;;;;;;;
Passageiros Transportados por Linha¹ ² (em milhares);;;;;;;;;;;;;;;;;;;;;;;
;;;;;;;;;;;;;;;;;;;;;;;
LINHA 1-AZUL;;;;;;;LINHA 2-VERDE;;;;;;;;;;;;;;;;
Mês;Total;MDU;MSA;MDO;MAX;;Mês;Total;MDU;MSA;MDO;MAX;;;;;;;;;;;
Jan;24.376;937;633;365;1.043;;Jan;14.082;566;297;187;643;;;;;;;;;;;
Fev;25.664;1.075;680;418;1.123;;Fev;15.275;665;338;230;708;;;;;;;;;;;
Mar;27.990;1.126;652;364;1.157;;Mar;16.620;695;315;190;722;;;;;;;;;;;
Abr;29.039;1.124;700;382;1.149;;Abr;17.481;696;341;201;719;;;;;;;;;;;
Mai;28.282;1.113;691;364;1.145;;Mai;16.844;693;334;184;720;;;;;;;;;;;
Jun;27.390;1.096;700;394;1.150;;Jun;16.388;680;339;217;712;;;;;;;;;;;
Jul;26.963;1.016;705;400;1.056;;Jul;16.067;632;328;210;670;;;;;;;;;;;
Ago;29.153;1.105;681;359;1.165;;Ago;17.641;693;331;186;729;;;;;;;;;;;
Set;28.679;1.131;720;422;1.181;;Set;17.213;704;342;212;733;;;;;;;;;;;
Out;30.364;1.130;685;430;1.180;;Out;18.450;709;337;213;743;;;;;;;;;;;
Nov;28.056;1.150;722;420;1.191;;Nov;16.774;721;348;209;753;;;;;;;;;;;
Dez;25.874;1.039;730;431;1.195;;Dez;15.204;639;345;222;744;;;;;;;;;;;
2024;331.830;1.087;691;396;1.195;;2024;198.038;674;333;205;753;;;;;;;;;;;
¹ Corresponde à soma das entradas pela linha de bloqueios com as transferências entre linhas nas estações Sé, Paraíso, Ana Rosa e Vila Prudente;;;;;;;;;;;;;;;;;;;;;;;
² Indicador influenciado pela mudança nos hábitos de viagem dos passageiros, em decorrência da pandemia de COVID-19.;;;;;;;;;;;;;;;;;;;;;;;
"MDU - Média dos Dias Úteis; MSA - Média dos Sábados; MDO - Média dos Domingos; MAX - Máxima Diária";;;;;;;;;;;;;;;;;;;;;;;
;;;;;;;;;;;;;;;;;;;;;;;
LINHA 3-VERMELHA;;;;;;;LINHA 15-PRATA;;;;;;;;;;;;;;;;
Mês;Total;MDU;MSA;MDO;MAX;;Mês;Total;MDU;MSA;MDO;MAX;;;;;;;;;;;
Jan;24.376;939;620;372;1.060;;Jan;2.561;103;48;34;120;;;;;;;;;;;
Fev;25.154;1.049;662;430;1.088;;Fev;2.817;123;64;37;133;;;;;;;;;;;
Mar;27.064;1.086;636;352;1.125;;Mar;3.170;132;61;37;136;;;;;;;;;;;
Abr;27.976;1.080;673;385;1.113;;Abr;3.359;133;72;37;136;;;;;;;;;;;
Mai;27.290;1.071;674;358;1.103;;Mai;3.261;132;72;36;138;;;;;;;;;;;
Jun;26.587;1.060;684;395;1.109;;Jun;3.119;131;70;35;136;;;;;;;;;;;
Jul;26.109;988;660;382;1.033;;Jul;3.089;122;63;35;129;;;;;;;;;;;
Ago;28.190;1.065;663;362;1.118;;Ago;3.490;136;72;36;140;;;;;;;;;;;
Set;27.501;1.086;691;406;1.145;;Set;3.315;137;75;28;141;;;;;;;;;;;
Out;29.216;1.081;679;436;1.120;;Out;3.673;139;74;48;144;;;;;;;;;;;
Nov;26.948;1.097;699;418;1.142;;Nov;3.376;144;77;44;147;;;;;;;;;;;
Dez;25.150;1.006;715;426;1.140;;Dez;3.103;129;77;44;147;;;;;;;;;;;
2024;321.561;1.051;671;393;1.145;;2024;38.333;130;69;38;147;;;;;;;;;;;
¹ Corresponde à soma das entradas pela linha de bloqueios com as transferências entre linhas nas estações Sé, Paraíso, Ana Rosa e Vila Prudente;;;;;;;;;;;;;;;;;;;;;;;
² Indicador influenciado pela mudança nos hábitos de viagem dos passageiros, em decorrência da pandemia de COVID-19.;;;;;;;;;;;;;;;;;;;;;;;
"MDU - Média dos Dias Úteis; MSA - Média dos Sábados; MDO - Média dos Domingos; MAX - Máxima Diária";;;;;;;;;;;;;;;;;;;;;;;
;;;;;;;;;;;;;;;;;;;;;;;
REDE;;;;;;;;;;;;;;;;;;;;;;;
Mês;Total;MDU;MSA;MDO;MAX;;;;;;;;;;;;;;;;;;
Jan;65.395;2.545;1.598;958;2.861;;;;;;;;;;;;;;;;;;
Fev;68.910;2.911;1.744;1.116;3.046;;;;;;;;;;;;;;;;;;
Mar;74.844;3.039;1.665;943;3.126;;;;;;;;;;;;;;;;;;
Abr;77.856;3.032;1.786;1.005;3.113;;;;;;;;;;;;;;;;;;
Mai;75.677;3.008;1.771;941;3.098;;;;;;;;;;;;;;;;;;
Jun;73.484;2.967;1.794;1.035;3.102;;;;;;;;;;;;;;;;;;
Jul;72.227;2.758;1.755;1.027;2.888;;;;;;;;;;;;;;;;;;
Ago;78.475;2.999;1.747;943;3.148;;;;;;;;;;;;;;;;;;
Set;76.709;3.058;1.828;1.068;3.175;;;;;;;;;;;;;;;;;;
Out;81.703;3.060;1.775;1.128;3.187;;;;;;;;;;;;;;;;;;
Nov;75.153;3.111;1.846;1.091;3.220;;;;;;;;;;;;;;;;;;
Dez;69.330;2.812;1.868;1.122;3.201;;;;;;;;;;;;;;;;;;
2024;889.762;2.942;1.765;1.031;3.220;;;;;;;;;;;;;;;;;;
¹ Corresponde à soma das entradas pela linha de bloqueios com as transferências entre linhas nas estações Sé, Paraíso, Ana Rosa e Vila Prudente;;;;;;;;;;;;;;;;;;;;;;;
² Indicador influenciado pela mudança nos hábitos de viagem dos passageiros, em decorrência da pandemia de COVID-19.;;;;;;;;;;;;;;;;;;;;;;;
"MDU - Média dos Dias Úteis; MSA - Média dos Sábados; MDO - Média dos Domingos; MAX - Máxima Diária";;;;;;;;;;;;;;;;;;;;;;;
;;;;;;;;;;;;;;;;;;;;;;;
Fonte: Diretoria de Operações/Depto Apoio à Gestão/Coord. Estudos Estatísticos e Informações Estratégicas - 14/01/2025;;;;;;;;;;;;;;;;;;;;;;;
